³¯Â¥,È¨ÆÀ,¾î¿þÀÌÆÀ,È¨ÆÀÁ¡¼ö,¾î¿þÀÌÆÀÁ¡¼ö,Á¡¼öÂ÷ÀÌ,È¨ÆÀ_¾ÈÅ¸,È¨ÆÀ_È¨·±,È¨ÆÀ_µµ·ç,È¨ÆÀ_»ïÁø,È¨ÆÀ_º´»ì,È¨ÆÀ_½ÇÃ¥,¾î¿þÀÌÆÀ_¾ÈÅ¸,¾î¿þÀÌÆÀ_È¨·±,¾î¿þÆÀ_µµ·ç,¾î¿þÀÌÆÀ_»ïÁø,¾î¿þÀÌÆÀ_º´»ì,¾î¿þÀÌÆÀ_½ÇÃ¥,È¨ÆÀ_¹æ¾îÀ²,¾î¿þÀÌÆÀ_¹æ¾îÀ²,½Â
20230313,9,6,6,1,5,8,1,0,4,0,0,5,1,2,8,0,2,2.25,31.5,9
20230313,10,2,1,2,1,4,0,0,15,0,3,5,0,0,7,0,0,13.5,3,2
20230313,4,1,2,4,2,10,1,1,11,2,2,9,0,0,8,1,2,36,9,1
20230313,7,5,3,5,2,8,1,0,5,1,0,11,2,2,8,1,0,33,11.25,5
20230313,8,3,3,1,2,7,0,1,7,1,0,10,1,1,8,3,2,4.5,27,8
20230314,9,6,3,8,5,9,1,1,6,1,1,12,0,0,5,1,1,177.75,6,6
20230314,10,2,1,11,10,3,0,0,12,0,2,12,0,0,7,1,2,162,0,2
20230314,4,1,2,5,3,7,0,1,7,0,3,7,0,1,6,1,0,13.8,13.5,1
20230314,7,5,8,4,4,9,2,1,5,0,1,8,2,0,9,2,0,18.9,24.3,7
20230314,8,3,1,2,1,6,0,0,7,1,1,5,1,0,12,0,0,6.75,9,3
20230315,10,6,2,6,4,7,0,0,5,0,0,10,1,1,8,1,3,39,11.45,6
20230315,9,2,10,4,6,8,1,1,4,1,0,6,0,1,2,1,1,9.75,37.13,9
20230315,8,1,14,8,6,15,3,1,6,1,0,12,2,4,6,0,2,36.9,87.3,8
20230315,4,5,3,7,4,9,1,3,9,0,0,12,1,0,6,1,1,32.01,27,5
20230315,7,3,2,4,2,3,0,0,5,0,1,11,1,1,7,1,1,36,10.71,3
20230316,10,6,3,2,1,8,0,1,12,0,1,8,1,0,6,0,0,14.4,15.75,10
20230316,9,2,5,3,2,8,1,1,5,2,0,8,1,0,10,1,0,7.36,16.5,9
20230316,8,1,2,5,3,5,0,0,8,0,0,11,1,0,5,1,1,25.5,13.5,1
20230316,4,5,3,0,3,7,0,0,10,0,2,3,0,3,8,2,1,18,9.2,4
20230316,7,3,3,3,0,9,0,2,4,2,0,8,1,0,8,1,0,16.62,31.5,0
20230318,8,2,5,4,1,6,2,1,5,2,0,10,1,0,9,0,1,12,20.51,8
20230318,7,1,2,7,5,6,0,0,4,1,2,14,0,7,2,1,0,35.36,36,1
20230318,6,5,3,3,0,10,0,0,4,2,0,8,0,2,13,0,0,14.07,29.25,0
20230318,4,3,7,6,1,7,0,1,10,0,2,5,1,1,10,1,1,21.97,11.26,4
20230318,9,10,10,2,8,14,0,0,6,0,1,7,1,0,8,0,1,28.65,61.5,9
20230319,8,2,4,1,3,12,1,0,5,1,1,8,1,0,6,2,1,14.46,30.32,8
20230319,7,1,2,5,3,8,0,1,4,2,1,6,0,3,5,0,0,11.62,40.71,1
20230319,6,5,8,1,7,10,2,1,11,1,0,5,1,0,8,1,0,3,40.41,6
20230319,4,3,4,3,1,10,0,1,6,0,1,8,0,1,11,2,1,20.65,17.93,4
20230319,9,10,4,12,8,7,0,0,4,2,1,14,1,0,8,0,1,22.29,17.55,10
20230320,6,1,3,1,2,9,0,0,4,1,0,7,0,4,3,0,0,13.99,3.97,6
20230320,8,7,5,2,3,11,0,0,4,0,0,9,1,1,9,1,0,10.29,24.5,8
20230320,2,5,8,2,6,10,1,1,7,0,0,9,1,1,4,2,1,17.62,24.83,2
20230320,9,3,10,1,9,10,1,1,5,0,0,6,0,1,6,1,1,17.58,156.56,9
20230320,4,10,0,6,6,5,0,1,7,0,1,10,0,0,6,1,2,17.1,9.38,10
20230321,6,1,2,6,4,4,0,2,5,0,0,11,2,5,4,0,1,18.5,1.29,1
20230321,8,7,12,10,2,16,3,1,7,0,4,10,1,0,7,0,3,44.82,29.71,8
20230321,2,5,5,5,0,12,0,0,6,1,1,8,0,0,4,0,2,26.36,39.07,0
20230321,9,3,3,3,0,9,0,1,9,2,1,6,0,1,10,1,0,21.06,11.25,0
20230321,4,10,5,5,0,6,1,1,14,0,0,12,0,1,6,0,2,22.48,11.57,0
20230323,2,1,2,6,4,6,1,1,5,2,1,10,2,1,7,0,1,25.09,32.14,1
20230323,10,8,5,6,1,8,0,0,9,1,1,10,1,1,5,1,1,50.25,19.13,8
20230324,2,1,7,1,6,10,1,1,7,1,1,6,0,0,7,1,3,14,34.36,2
20230324,4,7,5,6,1,10,1,1,13,0,1,6,2,1,6,0,1,18.68,15.46,7
20230324,9,5,3,10,7,5,0,0,5,3,2,12,1,0,3,0,1,44.11,15.05,5
20230324,6,3,2,3,1,7,0,0,6,1,0,6,0,0,10,1,2,5.11,4.74,3
20230324,10,8,3,4,1,8,1,0,8,0,1,5,1,1,9,0,1,21.46,16.09,8
20230325,10,1,1,8,7,4,0,0,5,1,0,11,2,2,5,0,1,18.95,23.6,1
20230325,2,3,5,5,0,8,1,3,8,0,1,9,2,0,4,0,2,29.49,19.16,0
20230325,5,8,3,5,2,10,0,0,8,1,1,10,1,1,5,0,2,27.65,16.52,8
20230325,7,9,1,5,4,6,0,0,15,0,0,7,2,0,6,0,1,31.83,7.97,9
20230325,6,4,4,4,0,5,1,0,7,1,0,9,0,0,11,0,1,19.63,26.47,0
20230326,7,9,1,4,3,3,0,0,11,1,0,7,0,2,8,0,0,22.18,3.67,9
20230326,10,1,4,2,2,9,0,0,6,2,0,5,0,3,6,0,1,4.8,7.24,10
20230326,6,4,4,3,1,6,0,3,9,1,0,9,1,0,10,0,2,10.76,43.8,6
20230326,2,3,4,1,3,5,1,1,5,0,1,7,0,4,8,2,0,9.48,12.86,2
20230326,5,8,1,2,1,4,0,2,7,1,1,5,0,3,4,1,0,29.04,6.61,8
20230327,2,4,2,0,2,5,1,2,3,0,0,2,0,1,7,0,1,16,9.6,2
20230327,10,5,3,5,2,4,0,0,7,1,1,10,1,1,7,0,2,26.06,12.73,5
20230327,1,3,1,5,4,7,0,1,10,1,4,5,0,1,7,0,1,18.9,7.56,3
20230327,8,9,2,8,6,11,1,0,7,1,1,12,1,1,5,0,0,29.52,10.28,9
20230327,7,6,6,2,4,7,0,1,7,0,0,7,1,0,7,1,5,26.49,29.42,7
20230328,8,9,3,14,11,7,0,2,4,1,2,19,1,0,5,3,1,18.6,9.14,9
20230328,7,6,7,6,1,11,1,1,7,2,1,10,0,0,3,2,2,30.15,22.49,7
20230328,2,4,2,3,1,9,0,0,5,0,0,9,0,1,6,1,2,23.88,38.02,4
20230328,10,5,1,2,1,6,0,1,6,2,3,11,0,1,7,1,0,4.93,20.47,5
20230328,1,3,0,1,1,4,0,1,5,1,1,5,0,2,8,0,1,9.4,10.4,3
20230401,10,9,3,2,1,11,0,0,7,1,3,8,0,0,14,0,1,0,20.25,10
20230401,3,6,4,1,3,7,1,1,3,2,1,6,0,1,7,2,1,1.8,13.05,3
20230401,2,1,11,6,5,13,2,0,4,0,1,8,0,1,5,1,1,121.5,10.13,2
20230401,5,7,12,10,2,12,2,1,5,1,2,14,1,0,6,0,1,110.25,99.9,5
20230401,8,4,0,8,8,5,0,1,9,2,1,15,1,1,7,0,2,47.7,0,4
20230402,10,9,7,6,1,13,0,0,6,0,2,12,0,2,9,1,1,9,27.9,10
20230402,3,6,5,9,4,6,2,1,8,0,2,13,1,1,5,1,2,21.6,19.8,6
20230402,2,1,9,10,1,12,1,1,13,0,0,19,0,5,5,0,2,46.86,132.75,1
20230402,5,7,0,2,2,6,0,0,4,1,0,5,0,0,4,0,0,29.57,5.4,7
20230402,8,4,8,6,2,12,1,1,9,1,0,11,1,1,8,0,0,18,21.46,8
20230404,8,9,7,6,1,9,3,0,6,0,1,9,1,1,6,0,1,30.86,19.61,8
20230404,10,1,1,7,6,4,0,2,8,0,2,11,0,2,6,1,1,58.5,24.75,1
20230404,3,7,3,1,2,8,0,1,8,0,0,2,0,0,6,0,0,1.29,41.66,3
20230404,5,4,1,0,1,5,0,0,6,0,0,2,0,0,12,2,1,6.75,11.25,5
20230405,10,1,2,1,1,7,0,2,4,1,1,6,0,2,4,0,2,1.5,5.79,10
20230405,5,4,3,9,6,8,1,0,6,1,1,14,1,0,6,0,0,60.56,4.5,4
20230406,8,9,1,8,7,5,0,0,9,1,1,8,1,1,10,1,0,33.3,16.97,9
20230406,10,1,0,5,5,5,0,0,8,1,0,8,0,3,4,2,0,41.85,3.86,1
20230406,5,4,6,2,4,8,1,0,9,1,0,11,0,0,11,0,2,11.57,13.5,5
20230407,7,2,1,7,6,6,1,0,7,1,1,13,0,2,8,0,1,54,5.03,2
20230407,6,5,1,4,3,6,0,0,11,1,4,8,1,2,4,1,2,17.61,9,5
20230407,9,3,3,7,4,8,0,1,11,1,1,9,1,1,3,1,1,42.09,13.5,3
20230407,1,8,7,2,5,11,0,2,1,2,0,4,1,0,5,0,0,5.84,28.5,1
20230407,4,10,2,0,2,4,2,2,14,1,0,4,0,0,10,1,0,0,2.94,4
20230408,7,2,3,7,4,8,1,2,9,0,1,10,2,0,9,1,1,24.93,4.5,2
20230408,6,5,7,6,1,12,2,2,5,0,0,11,1,3,8,1,2,25.45,26.67,6
20230408,9,3,5,7,2,9,1,0,9,1,1,12,1,1,7,1,0,29.93,17.55,3
20230408,1,8,2,1,1,4,0,0,3,0,1,6,0,0,4,1,0,11.1,9.46,1
20230408,4,10,11,5,6,16,2,0,7,1,2,13,1,1,9,0,0,26.41,55.8,4
20230409,7,2,5,3,2,12,0,1,4,3,0,7,0,0,11,0,0,11.48,29.25,7
20230409,6,5,2,3,1,7,0,0,10,1,2,6,1,0,8,1,2,13.5,8.65,5
20230409,9,3,0,3,3,3,0,0,8,1,2,5,0,1,5,1,0,20.5,14.46,3
20230409,1,8,3,2,1,10,0,2,4,3,0,9,0,1,5,1,1,12.58,9.65,1
20230409,4,10,6,1,5,9,0,3,9,1,3,6,0,0,9,1,3,0,13.54,4
20230411,6,9,4,5,1,10,1,0,9,2,1,9,2,2,9,0,0,25.79,14.98,9
20230411,4,2,1,0,1,4,0,1,5,1,1,8,0,0,10,1,0,11.51,3.09,4
20230411,7,1,6,5,1,9,0,0,7,1,2,11,1,1,9,1,4,43.45,19.87,7
20230411,8,3,4,5,1,8,2,1,9,0,0,11,1,0,9,1,0,10.16,8.37,3
20230411,5,10,6,4,2,11,0,3,6,0,0,11,1,1,6,0,1,18.56,12.19,5
20230412,6,9,2,0,2,4,0,1,11,0,0,4,0,0,9,1,1,11.93,12.89,6
20230412,4,2,5,1,4,10,2,1,8,2,0,6,0,0,9,0,0,4.22,69.14,4
20230412,7,1,8,12,4,11,1,0,2,1,0,15,1,4,8,0,1,58.18,40.3,1
20230412,8,3,0,3,3,8,0,0,3,2,1,6,1,0,5,0,0,20.1,0,3
20230413,6,9,1,5,4,10,0,0,9,1,0,8,0,0,9,0,1,19.38,15.47,9
20230413,4,2,3,10,7,8,1,0,11,1,5,14,0,2,11,0,0,30.85,22.18,2
20230413,7,1,8,7,1,11,0,1,9,1,1,10,2,3,6,1,1,15.97,6.11,7
20230413,8,3,11,9,2,10,4,1,9,0,0,18,1,0,6,2,2,29.68,14.5,8
20230413,5,10,2,9,7,8,0,0,8,1,0,12,0,2,8,1,0,43.63,13.02,10
20230414,2,9,7,7,0,14,2,0,7,0,2,13,0,2,15,1,0,47.79,32.23,0
20230414,10,6,9,2,7,15,0,0,8,0,1,7,0,0,7,1,0,11.28,29.29,10
20230414,8,7,9,7,2,8,2,1,5,0,1,12,0,0,8,0,1,19.77,46.57,8
20230414,3,4,2,1,1,5,0,1,5,0,1,4,0,0,11,0,0,3.86,5.21,3
20230414,1,5,13,4,9,14,0,0,9,0,2,9,0,1,9,1,4,17.24,14.74,1
20230415,2,9,2,7,5,8,1,0,6,2,2,10,0,3,5,1,0,52.24,12.77,9
20230415,10,6,6,1,5,6,1,0,5,0,2,8,0,1,8,2,0,11.81,20.67,10
20230415,8,7,5,9,4,11,0,2,8,0,1,14,0,2,6,3,2,32.65,107.78,7
20230415,3,4,0,1,1,3,0,0,11,2,0,1,0,2,12,0,1,15.1,4.08,4
20230415,1,5,3,1,2,6,0,1,4,0,1,3,0,1,5,0,2,11.64,4.52,1
20230416,2,9,14,2,12,15,0,1,2,1,1,10,0,0,11,0,1,34.44,43.72,2
20230416,10,6,2,0,2,6,1,0,11,0,0,5,0,0,5,2,0,3.39,21.31,10
20230416,8,7,9,1,8,13,1,0,4,2,0,7,1,0,4,1,1,4.32,37.8,8
20230416,3,4,5,10,5,7,2,0,9,0,3,12,0,2,9,0,1,21.64,13.53,4
20230416,1,5,5,10,5,7,2,1,5,1,1,12,1,3,2,1,0,22.44,21.83,5
20230418,7,6,7,5,2,9,2,2,5,0,1,11,0,0,14,0,1,19.51,24.68,7
20230418,1,4,4,6,2,7,1,1,9,0,1,8,0,2,12,0,1,28.74,11.44,4
20230418,9,5,0,2,2,2,0,0,8,0,2,4,0,0,11,1,0,13.12,8.86,5
20230418,2,3,4,2,2,11,1,0,6,1,0,7,0,0,8,2,1,5.99,5.57,2
20230418,10,8,4,6,2,6,0,0,6,1,0,8,0,2,7,0,0,20.01,17.23,8
20230419,7,6,0,6,6,6,0,0,11,0,0,13,0,1,7,2,1,20.3,13.07,6
20230419,1,4,7,5,2,10,0,1,4,1,0,13,0,0,5,2,2,16,9.45,1
20230419,9,5,7,6,1,7,1,0,5,0,1,10,2,0,5,1,0,16.18,21.85,9
20230419,2,3,5,2,3,11,1,0,3,1,0,7,0,0,8,1,1,8.45,7.2,2
20230419,10,8,5,9,4,6,1,1,12,0,0,16,0,0,15,1,0,39.37,41.25,8
20230420,7,6,5,3,2,6,2,1,3,0,0,7,0,1,10,1,1,27.24,15.11,7
20230420,1,4,9,4,5,14,2,4,6,0,1,12,0,3,11,1,1,22.39,18.86,1
20230420,9,5,1,5,4,8,1,0,13,0,1,8,2,2,5,0,0,11.72,5.69,5
20230420,2,3,5,8,3,7,0,0,7,1,0,12,2,0,3,1,1,19.96,12.07,3
20230420,10,8,6,1,5,11,1,0,10,0,1,10,0,1,6,1,1,10.53,13.05,10
20230421,5,2,10,6,4,12,1,0,2,1,1,7,0,0,8,0,2,28.59,9.72,5
20230421,9,1,2,4,2,7,0,1,8,0,3,9,0,0,1,3,0,15.89,14.04,1
20230421,4,7,2,3,1,5,0,1,8,0,2,7,0,2,13,2,0,18.37,11.2,7
20230421,6,8,5,4,1,9,1,0,9,0,0,10,0,0,4,2,0,25.57,24.95,6
20230421,3,10,3,1,2,9,1,1,6,0,1,4,1,0,10,1,0,9.03,7.15,3
20230422,5,2,5,1,4,11,2,0,2,0,1,10,0,0,9,0,1,24.61,12.75,5
20230422,9,1,0,3,3,3,0,1,6,1,1,8,0,1,3,0,1,13.51,18.11,1
20230422,4,7,6,10,4,11,1,1,8,1,5,9,2,3,12,1,1,23.94,101.09,7
20230422,6,8,6,2,4,8,1,1,5,0,0,6,0,0,11,1,0,14.8,16.3,6
20230422,3,10,3,2,1,10,1,1,6,0,1,7,1,0,7,0,0,3.96,6.03,3
20230423,5,2,1,1,0,10,0,1,8,0,1,7,0,0,6,3,1,17.22,8.75,0
20230423,9,1,7,6,1,10,0,0,5,0,1,8,1,0,10,0,1,22.29,26.95,9
20230423,4,7,3,5,2,9,2,4,6,0,1,7,0,0,7,0,1,14.08,26.45,7
20230423,6,8,5,3,2,12,1,1,7,0,1,6,0,1,7,1,0,21.13,16.71,6
20230423,3,10,9,7,2,11,2,0,3,0,2,13,0,0,4,1,0,15.64,31.13,3
20230425,10,2,1,0,1,7,0,1,11,0,2,1,0,1,8,1,1,7.48,12.76,10
20230425,6,4,0,6,6,4,0,1,9,1,1,9,0,1,11,2,0,21.63,8.22,4
20230425,1,3,5,4,1,14,1,1,5,2,2,12,0,0,7,2,0,19.6,13.05,1
20230426,7,9,8,1,7,13,0,2,7,0,0,7,1,0,10,0,0,34.35,32.98,7
20230426,10,2,13,2,11,13,2,0,4,0,0,9,1,0,5,4,1,10.11,26.63,10
20230426,6,4,6,0,6,8,1,0,4,0,0,7,0,0,7,1,0,8.57,16.63,6
20230426,8,5,1,0,1,3,1,0,10,0,0,7,0,0,7,1,2,17.21,11.8,8
20230426,1,3,3,5,2,6,0,0,5,0,0,10,1,1,7,0,2,11.68,6.91,3
20230427,7,9,3,0,3,6,1,0,5,0,0,4,0,0,8,0,0,5.97,16.08,7
20230427,10,2,3,1,2,10,0,1,5,0,1,8,0,0,11,0,1,14.03,34.41,10
20230427,6,4,5,0,5,5,0,0,6,1,1,6,0,0,6,0,0,13.65,12,6
20230427,8,5,7,6,1,9,2,0,7,0,0,8,2,0,5,0,1,29.91,12.22,8
20230427,1,3,6,3,3,12,1,2,3,1,2,6,1,0,9,1,1,9.24,16.06,1
20230428,1,6,3,4,1,13,0,2,9,0,1,8,1,1,12,1,0,28.42,22.93,6
20230428,9,4,4,6,2,9,1,0,10,1,0,9,2,0,9,0,0,18.15,24.93,4
20230428,3,5,4,1,3,5,1,0,9,0,1,6,1,0,8,0,2,5.88,13.17,3
20230428,2,8,9,10,1,13,1,0,8,0,1,15,0,0,6,1,1,12.35,46.85,8
20230428,7,10,5,2,3,9,0,0,5,0,0,13,0,0,7,2,0,24.38,9.63,7
20230429,1,6,3,6,3,9,0,0,10,2,3,11,1,6,8,2,0,16.62,17.56,6
20230429,9,4,2,3,1,5,0,1,5,3,0,9,0,0,11,0,0,18.93,17.94,4
20230429,3,5,10,4,6,10,0,2,6,0,2,8,1,0,10,0,2,15.73,16.47,3
20230429,2,8,2,3,1,10,1,0,4,1,1,11,0,0,5,0,0,11.23,13.14,8
20230430,1,6,8,12,4,14,0,0,9,0,3,11,1,1,7,1,0,29.59,20.14,6
20230430,9,4,1,4,3,2,0,1,13,0,0,8,0,0,9,0,1,14.75,7.31,4
20230430,3,5,0,2,2,3,0,0,10,0,0,7,0,2,8,0,0,13.77,12.77,5
20230430,2,8,0,1,1,5,0,1,8,0,0,7,1,0,11,2,1,7.37,28.49,8
20230430,7,10,5,3,2,11,0,0,3,0,0,9,0,0,6,0,1,14.99,13.15,7
20230502,5,9,3,0,3,7,1,3,5,0,1,5,0,0,9,0,1,6.17,11.5,5
20230502,3,2,4,11,7,9,1,0,9,0,1,17,2,0,8,1,0,20.24,13.27,2
20230502,4,1,3,5,2,6,1,0,5,1,0,8,0,0,8,0,2,31.93,14.64,1
20230502,6,7,4,7,3,11,0,0,4,1,0,11,0,3,3,2,0,24.76,13.11,7
20230502,8,10,0,4,4,5,0,0,9,0,1,10,2,0,7,1,0,27.93,16.7,10
20230503,5,9,3,8,5,2,0,1,9,1,2,14,0,1,6,3,1,36.72,16.59,9
20230503,3,2,5,3,2,11,2,0,5,1,1,14,0,0,9,1,1,13.28,31.61,3
20230503,4,1,1,2,1,3,1,2,6,0,1,6,1,0,11,1,0,16.54,8.41,1
20230503,6,7,10,2,8,12,1,1,9,1,0,7,0,2,6,1,0,17.27,22.8,6
20230503,8,10,1,4,3,6,0,0,7,2,0,6,1,1,11,1,0,12.3,5.82,10
20230504,5,9,3,10,7,10,0,0,12,1,1,11,4,0,2,1,0,44.15,9.12,9
20230504,3,2,10,2,8,12,3,0,8,0,1,8,0,0,11,1,1,14.98,28.05,3
20230504,8,10,14,1,13,15,2,0,3,1,0,6,0,0,9,1,2,9.74,18.39,8
20230505,10,3,1,3,2,6,0,0,7,1,0,6,0,1,5,1,0,11.33,6.01,3
20230506,10,3,1,2,1,4,0,1,8,1,0,8,1,1,10,1,0,10.23,6.9,3
20230507,9,2,6,2,4,9,0,4,6,0,1,4,0,0,12,1,1,21.09,10.9,9
20230507,5,1,1,11,10,8,0,1,4,3,0,12,3,0,8,0,0,37.82,14.31,1
20230507,10,3,6,7,1,11,0,1,6,0,3,14,0,2,8,1,3,20.84,17.59,3
20230509,2,4,4,16,12,8,2,0,10,0,3,22,3,1,9,0,0,29.02,13.24,4
20230509,7,5,2,5,3,6,0,0,4,2,0,11,1,1,7,0,1,27.12,9.86,5
20230509,6,3,3,0,3,9,1,1,7,1,1,6,0,0,10,1,0,4.74,7.72,6
20230509,9,8,1,9,8,7,0,0,13,0,0,11,1,1,7,2,0,12.63,8.79,8
20230509,1,10,5,4,1,13,1,1,3,0,0,8,0,0,9,1,0,16.9,24,1
20230510,2,4,7,8,1,5,1,0,12,1,1,12,0,1,6,3,2,30.09,18.51,4
20230510,7,5,3,0,3,7,1,0,8,0,0,2,0,0,8,0,0,12.14,8.96,7
20230510,6,3,3,5,2,9,0,2,2,1,1,5,1,2,8,1,2,27.71,18.85,3
20230510,9,8,5,1,4,8,2,0,6,1,1,1,1,0,7,0,1,10.12,17.16,9
20230510,1,10,1,11,10,8,0,0,6,0,0,14,0,0,6,1,1,45.68,7.09,10
20230511,2,4,1,4,3,6,0,1,14,1,0,15,1,2,8,1,1,18.42,17.22,4
20230511,7,5,7,6,1,9,0,0,6,0,1,12,0,2,6,0,2,13.14,26.65,7
20230511,6,3,3,5,2,9,0,2,8,1,0,10,0,1,7,1,1,27.89,9.46,3
20230511,9,8,4,0,4,6,1,0,7,0,0,4,0,2,6,2,1,18.22,7.3,9
20230511,1,10,1,0,1,6,0,1,3,0,0,4,0,0,7,1,0,12.16,6.74,1
20230512,3,9,2,5,3,7,0,0,10,0,2,11,2,0,8,2,1,9.88,16.66,9
20230512,5,6,6,1,5,8,1,0,6,1,0,6,1,0,7,0,0,9.77,11.22,5
20230512,8,1,4,0,4,8,1,0,3,0,0,3,0,0,9,0,1,18.17,6.1,8
20230512,2,7,2,1,1,10,1,2,11,0,0,5,0,0,7,1,0,7.96,19.41,2
20230512,10,4,7,4,3,13,1,0,10,0,0,8,0,0,8,1,2,7.61,24.38,10
20230513,3,9,8,5,3,11,0,0,4,0,1,9,0,0,8,0,0,19.01,11.49,3
20230513,5,6,5,1,4,6,1,1,9,2,0,6,0,0,6,0,1,10.42,18.72,5
20230513,8,1,4,7,3,8,1,0,5,1,0,12,1,0,5,0,0,31.04,16.38,1
20230513,2,7,0,5,5,5,0,0,7,2,0,9,0,3,5,0,0,8.66,18.99,7
20230513,10,4,9,2,7,13,1,0,9,1,2,4,1,0,10,2,1,9.32,18.4,10
20230514,3,9,3,3,0,8,2,2,13,0,2,11,0,1,10,0,0,19.77,23.64,0
20230514,5,6,8,4,4,15,1,0,6,1,1,10,1,0,12,0,3,30.57,19.55,5
20230514,8,1,5,8,3,9,0,0,5,0,1,12,1,0,11,0,2,25.24,11.57,1
20230514,2,7,3,8,5,8,0,1,9,1,1,14,0,0,5,0,0,32.4,23.74,7
20230514,10,4,4,6,2,10,2,2,9,0,2,10,0,0,3,0,0,13.7,17.49,4
20230516,8,6,2,8,6,9,0,0,8,3,0,10,2,0,7,0,1,30.58,14.11,6
20230516,1,2,7,12,5,8,4,3,10,0,1,15,1,0,6,1,1,23.12,11.74,2
20230516,9,7,1,3,2,5,0,0,15,1,0,12,1,3,8,1,0,12.88,19.94,7
20230516,10,5,1,4,3,6,0,0,6,0,1,11,2,0,9,0,0,14.11,11.81,5
20230516,4,3,5,3,2,15,0,3,4,0,0,12,1,0,7,0,1,23.49,17.63,4
20230517,8,6,6,7,1,9,0,2,4,0,0,14,1,1,9,1,2,22.36,18.63,6
20230517,1,2,7,3,4,15,0,2,3,1,1,10,0,0,5,1,1,17,27.24,1
20230517,9,7,2,1,1,8,0,0,10,0,1,4,0,0,6,2,0,15.56,16.65,9
20230517,10,5,6,9,3,9,0,0,5,1,0,14,2,2,6,0,1,18.77,65.29,5
20230517,4,3,0,4,4,5,0,3,7,1,0,9,2,1,12,0,1,25.18,7.95,3
20230518,1,2,9,5,4,14,0,1,3,0,1,8,1,0,4,0,0,28.39,12.04,1
20230518,9,7,3,7,4,4,1,0,9,1,1,13,2,2,9,1,1,12.97,60.77,7
20230518,10,5,7,3,4,14,1,0,5,0,0,8,0,2,8,0,0,11.53,42.53,10
20230519,1,9,3,1,2,7,0,0,6,0,1,7,1,0,7,0,0,11.37,16.03,1
20230519,2,5,6,1,5,12,1,0,13,0,1,5,0,1,6,2,1,12.3,6.89,2
20230519,7,3,7,5,2,10,0,4,9,1,0,11,1,0,10,1,0,29.16,17.01,7
20230519,4,8,4,5,1,9,1,0,5,0,1,11,3,0,10,0,0,18.96,43.44,8
20230519,6,10,10,1,9,17,0,1,8,1,1,2,0,0,9,1,0,11.43,24.73,6
20230520,1,9,1,1,0,9,0,3,10,1,0,7,0,0,11,1,2,20.37,17.93,0
20230520,2,5,0,6,6,2,0,0,6,0,0,12,2,1,8,0,1,17.48,6,5
20230520,7,3,0,5,5,2,0,0,12,0,1,9,0,0,4,1,0,18.12,14.69,3
20230520,4,8,14,3,11,19,1,1,8,1,1,9,2,0,10,2,1,10.46,67.71,4
20230520,6,10,3,2,1,6,1,0,6,0,0,7,0,1,3,1,1,20.19,8.59,6
20230521,1,9,4,1,3,9,0,1,5,0,0,5,1,0,7,3,0,16.25,16.91,1
20230521,2,5,7,3,4,11,1,0,3,1,0,7,1,1,10,0,0,12.75,29.55,2
20230521,7,3,3,6,3,5,0,1,4,1,1,10,1,1,6,0,0,33.72,10.11,3
20230521,4,8,1,2,1,8,0,0,6,2,0,4,0,1,8,0,1,21.2,23.87,8
20230521,6,10,0,1,1,3,0,2,10,0,0,8,0,0,5,1,1,7.62,9.9,10
20230523,9,6,9,5,4,10,0,0,6,1,2,11,1,0,15,0,1,13.12,19.61,9
20230523,3,1,1,9,8,6,1,0,6,0,1,13,1,1,5,1,0,20.34,9.25,1
20230523,7,4,2,0,2,7,0,0,3,1,0,6,0,0,7,1,0,9.81,13.89,7
20230523,5,8,7,5,2,14,0,0,8,0,2,11,0,0,11,1,1,24.71,27.75,5
20230523,2,10,1,3,2,6,0,0,6,1,1,9,0,1,6,1,0,22.34,9.62,10
20230524,9,6,2,4,2,6,2,0,5,2,2,10,2,0,12,0,1,15.26,11.6,6
20230524,3,1,5,3,2,5,2,0,6,1,1,9,1,0,6,1,2,12.43,19.15,3
20230524,7,4,1,3,2,6,0,0,8,0,1,8,0,1,6,0,0,17.03,16.48,4
20230524,5,8,1,6,5,10,0,1,7,1,1,10,0,0,7,0,0,20.72,11.13,8
20230524,2,10,4,1,3,6,0,0,8,1,1,6,0,0,8,1,2,8.32,14.83,2
20230525,9,6,4,3,1,5,0,1,10,0,0,6,0,0,7,0,0,17.96,28.05,9
20230525,3,1,3,8,5,7,1,0,6,0,0,13,2,0,7,1,2,17.68,12.73,1
20230525,7,4,11,1,10,11,0,2,5,0,1,5,0,0,9,0,2,15.65,40.63,7
20230525,5,8,4,3,1,9,0,1,4,1,2,9,0,2,7,1,2,20.96,12.66,5
20230525,2,10,3,0,3,11,0,3,6,0,0,5,0,0,5,1,1,7.52,15.37,2
20230526,4,9,11,0,11,12,1,1,4,1,0,8,0,0,10,1,0,1.47,14.69,4
20230526,8,2,1,4,3,6,0,1,9,1,1,9,1,2,7,0,2,35.09,12.55,2
20230526,6,1,3,5,2,13,0,1,10,1,0,8,2,1,6,1,1,8.82,14.89,1
20230526,10,7,0,2,2,5,0,0,10,0,0,9,0,1,7,1,0,7.05,11.22,7
20230526,5,3,3,14,11,6,0,3,3,0,0,15,2,1,5,1,1,23.87,18.39,3
20230527,4,9,0,5,5,8,0,1,6,3,2,2,0,1,4,0,0,29.11,16.35,9
20230527,8,2,2,5,3,4,1,0,6,0,0,13,0,0,4,1,0,24.39,15.2,2
20230527,6,1,6,3,3,10,0,0,6,0,0,10,0,0,6,0,0,6.99,17.44,6
20230527,10,7,5,6,1,8,0,0,10,0,0,14,0,3,8,1,0,19.6,41.56,7
20230528,8,2,6,4,2,11,1,0,5,1,0,7,1,0,11,1,0,27.37,6.82,8
20230528,6,1,1,7,6,8,1,0,7,0,4,8,1,1,7,0,3,19.46,19.01,1
20230528,10,7,7,5,2,13,1,1,10,1,3,9,0,1,5,0,1,13.25,20.43,10
20230530,6,2,6,1,5,12,1,0,5,1,0,3,0,0,14,0,1,7.99,13.87,6
20230530,1,7,3,1,2,10,0,4,3,1,2,5,0,1,6,2,1,16.58,11.61,1
20230530,4,5,5,0,5,9,0,2,6,0,0,2,0,1,12,0,0,11.1,31.36,4
20230530,3,8,3,2,1,8,0,0,5,1,1,7,1,0,9,1,0,5.1,8.84,3
20230530,9,10,7,1,6,13,0,0,6,0,1,7,0,0,9,2,1,7.3,16.42,9
20230531,6,2,7,1,6,12,1,1,7,0,0,3,1,0,6,0,1,14.46,8.94,6
20230531,1,7,1,7,6,7,0,0,9,0,2,11,1,4,9,1,0,25.64,12.96,7
20230531,4,5,2,3,1,5,1,0,5,0,2,7,1,1,9,1,0,18.17,12.44,5
20230531,3,8,2,3,1,7,0,1,8,1,0,7,2,0,7,1,0,8.8,23.1,8
20230531,9,10,3,15,12,6,0,0,4,2,1,18,2,1,9,0,1,11.47,14.59,10
20230601,1,7,6,1,5,9,0,1,3,0,0,5,0,1,8,0,2,7.43,19.87,1
20230601,3,8,14,2,12,13,6,0,3,0,2,7,0,2,6,0,0,20.04,22.27,3
20230601,9,10,7,3,4,10,1,0,8,0,0,6,0,0,6,1,0,17.07,12.84,9
20230602,7,6,14,2,12,19,1,0,5,2,0,9,0,1,11,1,0,9.89,45.99,7
20230602,1,4,2,9,7,6,1,0,9,1,1,12,2,4,9,1,0,25.99,12.98,4
20230602,2,5,1,10,9,3,1,0,8,0,1,12,3,0,3,1,0,19.27,5.25,5
20230602,9,8,7,8,1,16,1,0,10,0,0,17,1,1,6,0,1,20.29,31.99,8
20230602,3,10,3,2,1,5,1,2,8,0,0,8,0,1,5,1,1,13.31,10.66,3
20230603,7,6,6,5,1,10,0,2,8,1,0,11,0,0,7,1,1,13.78,17.46,7
20230603,1,4,3,7,4,9,0,0,5,1,0,8,2,0,1,0,1,14.99,13.97,4
20230603,2,5,13,3,10,17,1,0,5,0,1,9,0,0,14,0,1,17.46,34.86,2
20230603,9,8,2,7,5,6,1,0,8,1,2,11,1,1,4,2,0,18.16,20.81,8
20230603,3,10,2,1,1,4,1,0,8,1,0,7,0,0,7,1,1,11.41,13.66,3
20230604,7,6,0,6,6,4,0,0,10,0,0,15,0,2,6,1,1,25.66,7.47,6
20230604,1,4,1,3,2,3,0,0,7,0,0,7,0,2,6,2,1,25.35,9.68,4
20230604,2,5,5,2,3,8,0,0,7,1,0,6,1,1,7,0,3,11.97,17.16,2
20230604,9,8,10,5,5,12,1,0,5,1,1,6,0,0,7,1,0,16.27,25.45,9
20230604,3,10,3,4,1,8,1,0,9,1,0,10,2,0,10,1,1,10.43,18.81,10
20230606,5,9,4,1,3,10,2,0,4,0,0,10,0,0,8,1,1,12.5,19.45,5
20230606,10,1,1,9,8,6,0,2,11,0,0,15,0,0,6,1,0,16.39,20.56,1
20230606,6,3,1,2,1,6,1,0,6,0,1,8,0,1,2,4,1,7.85,7.78,3
20230606,7,2,1,4,3,4,0,0,7,1,1,7,0,1,10,0,0,29.86,7.07,2
20230606,8,4,9,6,3,9,0,1,7,0,0,8,1,1,6,0,0,25.1,13.52,8
20230607,5,9,6,3,3,10,0,1,8,1,1,11,0,1,8,1,1,29.85,19.91,5
20230607,7,2,2,3,1,5,0,1,6,0,1,9,0,3,11,1,2,21.68,10.49,2
20230607,10,1,5,5,0,10,2,0,16,1,2,8,1,0,9,1,2,19.86,25.18,0
20230607,8,4,0,4,4,9,0,0,5,2,1,10,0,0,4,2,1,35.25,13.68,4
20230607,6,3,8,9,1,12,3,0,6,0,0,13,0,2,7,0,0,18.21,21.04,3
20230608,5,9,2,1,1,7,0,0,4,0,0,5,0,0,10,1,1,7.35,19.07,5
20230608,7,2,6,7,1,12,1,0,11,1,1,13,0,2,14,0,1,26.37,21.6,2
20230608,10,1,13,0,13,20,0,0,7,0,0,6,0,0,8,1,1,11.07,35.63,10
20230608,8,4,1,7,6,9,0,1,7,1,2,10,2,2,8,0,1,19.69,12.72,4
20230608,6,3,4,5,1,3,0,0,10,1,1,6,1,2,8,0,0,11.96,15.98,3
20230609,5,6,3,7,4,6,1,0,5,0,0,13,0,2,6,2,0,24.79,16.07,6
20230609,9,1,6,5,1,11,0,0,9,0,1,7,0,1,5,1,1,16.42,18.55,9
20230609,8,7,1,5,4,8,0,0,6,1,1,11,1,2,8,1,0,17.55,6.11,7
20230609,4,3,5,2,3,8,0,0,3,1,0,9,1,2,10,1,0,11.61,10.29,4
20230609,2,10,3,2,1,6,1,0,5,0,0,5,0,0,9,1,0,15.45,12.43,2
20230610,5,6,3,6,3,4,0,0,4,0,2,11,0,1,5,1,0,23.5,8.48,6
20230610,9,1,7,0,7,8,1,0,5,2,1,3,0,0,8,2,1,1.39,33.4,9
20230610,8,7,9,7,2,14,4,1,5,0,0,13,0,0,7,0,2,30.98,39.99,8
20230610,4,3,7,0,7,9,0,1,7,1,0,2,0,0,10,0,1,6.38,10.49,4
20230610,2,10,2,5,3,6,0,0,10,0,0,10,1,0,8,1,1,21,7.62,10
20230611,5,6,3,2,1,8,0,2,9,0,0,3,0,0,1,0,0,6.07,8.59,5
20230611,9,1,7,13,6,8,0,1,7,2,1,13,1,3,7,1,1,27.86,27.84,1
20230611,8,7,6,4,2,8,1,0,6,0,0,10,1,0,8,0,2,20.67,16.15,8
20230611,4,3,8,4,4,10,1,1,7,1,2,4,1,3,12,0,0,15.72,13.44,4
20230611,2,10,5,14,9,14,1,0,7,2,0,18,1,0,6,0,0,21.25,24.17,10
20230613,7,9,7,5,2,14,1,0,8,0,0,10,0,1,12,0,0,32.42,26.83,7
20230613,10,6,1,0,1,7,0,0,10,1,1,5,0,0,6,2,1,12.75,12.08,10
20230613,3,2,8,1,7,15,0,0,1,0,1,5,0,1,10,0,0,10.13,18.13,3
20230613,4,5,4,11,7,7,1,0,2,3,1,14,3,2,4,1,1,20.9,16.67,5
20230613,1,8,2,1,1,5,0,0,3,1,1,6,0,0,10,0,1,12.05,10.5,1
20230614,7,9,4,8,4,4,0,0,9,0,0,10,2,0,4,0,0,20.89,33.67,9
20230614,10,6,2,1,1,5,0,0,9,0,0,9,0,2,3,1,0,8,5.26,10
20230614,3,2,4,14,10,11,2,0,7,2,0,12,2,3,6,1,0,16.18,25.8,2
20230614,4,5,5,4,1,10,2,0,9,0,0,10,0,2,5,1,1,16.84,11.31,4
20230614,1,8,3,2,1,5,0,0,6,0,2,6,0,0,5,0,2,21.86,7.33,1
20230615,7,9,4,5,1,7,1,0,11,2,0,14,2,0,5,2,0,31.47,14.15,9
20230615,10,6,4,8,4,11,0,0,6,0,1,10,1,1,3,1,1,15.96,15.74,6
20230615,3,2,3,7,4,7,1,0,5,0,1,8,3,1,6,0,0,14.85,7.84,2
20230615,4,5,10,3,7,10,1,2,4,1,0,10,2,0,6,3,1,12.97,24.86,4
20230615,1,8,9,3,6,12,2,0,5,0,1,6,0,0,2,1,1,15.92,28.1,1
20230616,3,7,12,1,11,15,5,0,3,1,0,7,0,0,6,2,0,9.5,26.1,3
20230616,6,4,13,11,2,9,4,1,2,2,1,10,0,4,9,2,2,21.45,18.47,6
20230616,1,5,7,4,3,10,0,1,5,1,1,9,0,0,5,1,4,19.04,20.24,1
20230616,2,8,7,6,1,13,0,0,9,0,3,7,1,1,12,1,3,11.16,43.55,2
20230616,9,10,2,2,0,10,0,0,10,1,0,11,0,0,7,1,0,20.45,18.96,0
20230617,3,7,8,5,3,7,0,0,3,1,0,12,1,2,7,3,0,15.77,17.8,3
20230617,6,4,7,10,3,8,1,0,10,0,1,19,0,1,4,1,1,17.27,16.86,4
20230617,1,5,4,7,3,8,0,0,6,1,0,9,0,2,5,0,1,16.31,15.1,5
20230617,2,8,6,5,1,7,0,2,2,1,1,10,0,1,5,0,1,17.63,7.94,2
20230617,9,10,6,9,3,10,1,0,8,2,1,9,1,1,3,1,1,28.73,26.53,10
20230618,3,7,2,7,5,9,0,0,7,0,3,11,1,0,10,0,0,8.92,15.74,7
20230618,6,4,7,7,0,9,1,2,10,1,1,15,3,0,11,3,4,17.79,27.89,0
20230618,1,5,15,3,12,19,1,0,9,0,0,12,0,0,9,1,2,8.59,28.24,1
20230618,2,8,5,7,2,14,0,1,7,0,0,14,0,3,7,1,0,27.42,27.62,8
20230618,9,10,5,6,1,7,2,1,17,0,2,13,0,0,12,0,1,30.59,24.12,10
20230620,9,6,4,6,2,7,1,0,11,1,1,6,3,1,10,1,0,21.64,17.2,6
20230620,4,1,8,4,4,10,1,0,8,1,1,9,0,0,5,2,2,26.99,22.52,4
20230620,2,7,5,2,3,12,0,0,10,0,1,4,1,0,10,0,0,6.96,26.34,2
20230620,5,3,1,6,5,10,0,0,5,1,1,12,2,1,10,1,0,22.96,11.09,3
20230620,8,10,2,7,5,7,1,3,8,2,2,8,0,0,7,0,1,23.81,13.53,10
20230621,9,6,7,4,3,8,1,3,5,1,3,8,0,0,4,1,0,14.16,20.01,9
20230621,4,1,3,9,6,8,2,1,8,1,2,17,0,3,9,1,1,25.16,11.35,1
20230621,2,7,8,2,6,14,0,0,3,1,3,6,0,0,5,1,0,12.1,12.39,2
20230621,5,3,1,3,2,7,0,1,7,0,0,13,0,0,8,0,0,23.03,19.48,3
20230621,8,10,0,2,2,7,0,2,7,1,0,10,0,0,4,0,0,14.12,13.21,10
20230622,9,6,1,0,1,5,0,1,9,0,0,2,0,0,9,1,1,22.61,13.92,9
20230622,4,1,3,4,1,6,0,0,7,2,1,13,0,2,12,1,1,17.64,19.51,1
20230622,2,7,4,2,2,8,0,0,4,1,1,9,0,0,7,0,2,16.82,34.55,2
20230622,5,3,3,5,2,3,1,0,5,1,0,14,2,0,5,1,0,25.4,9.71,3
20230622,8,10,1,2,1,11,0,0,3,1,1,12,0,0,10,0,0,32.96,3.86,10
20230623,4,9,2,6,4,9,0,0,7,0,1,6,1,1,6,1,0,11.31,20.67,9
20230623,6,2,3,10,7,7,1,2,7,1,0,17,2,0,6,1,0,22.42,21.46,2
20230623,1,7,1,2,1,4,0,0,5,1,1,9,0,0,10,1,0,8.31,6.23,7
20230623,10,5,1,2,1,7,0,0,8,0,0,9,0,0,4,2,0,15.49,19.49,5
20230623,3,8,6,0,6,9,3,0,6,0,1,6,0,1,4,3,0,10.87,24.44,3
20230624,4,9,1,7,6,3,0,0,7,0,3,11,1,0,6,0,0,19.39,6.45,9
20230624,6,2,4,1,3,5,1,0,6,0,1,12,0,0,8,3,0,11.7,15.71,6
20230624,1,7,9,1,8,11,1,0,7,1,0,6,0,0,5,0,3,12.62,22.97,1
20230624,10,5,4,2,2,9,1,1,7,0,1,7,0,0,3,2,1,4.91,18.62,10
20230624,3,8,13,10,3,18,4,1,5,1,0,15,1,1,5,2,2,19.49,32.75,3
20230625,10,5,2,17,15,6,2,0,5,2,1,20,2,0,4,1,0,24.66,8.13,5
20230625,1,7,7,3,4,9,0,0,2,0,0,7,0,2,5,0,2,26.85,30.98,1
20230625,3,8,2,5,3,9,0,0,4,0,0,8,0,1,7,0,1,14.05,15.55,8
20230627,9,2,4,1,3,9,0,1,7,1,1,5,0,1,11,0,0,9.83,12.23,9
20230627,3,1,0,14,14,3,0,0,6,1,1,18,3,2,9,0,1,23.61,6.05,1
20230627,5,4,3,2,1,6,1,0,9,0,0,9,0,0,8,0,0,18.54,8.57,5
20230627,7,8,5,3,2,7,2,0,5,1,0,10,1,0,11,1,0,40.68,8.27,7
20230627,6,10,1,8,7,3,0,1,1,0,0,7,1,0,8,0,0,13.59,3.4,10
20230628,9,2,6,4,2,9,2,0,6,0,0,10,0,0,7,0,2,24.65,14.59,9
20230628,3,1,6,8,2,7,1,1,8,1,2,14,0,5,10,1,1,20.45,20.22,1
20230628,5,4,1,4,3,4,0,0,8,0,0,10,0,0,10,0,2,35.98,18.32,4
20230628,7,8,9,6,3,13,0,1,2,1,1,9,1,1,5,0,3,33.65,32.74,7
20230628,6,10,5,7,2,9,1,1,11,1,0,10,0,1,6,1,0,34.72,20.74,10
20230630,8,9,1,6,5,6,0,0,10,1,2,9,3,1,6,2,1,42.28,11.04,9
20230630,1,6,5,4,1,9,1,0,7,0,0,10,1,0,7,2,1,11.36,15.46,1
20230630,2,4,3,2,1,5,0,1,4,1,0,6,0,1,4,0,0,10.47,13.66,2
20230630,7,5,1,0,1,6,0,1,6,0,1,6,0,1,7,1,0,9.4,16.39,7
20230630,10,3,3,7,4,8,1,0,10,1,0,8,2,1,4,0,0,9.56,11.32,3
20230701,8,9,4,10,6,12,0,1,9,1,3,16,2,1,7,0,1,25.28,14.15,9
20230701,1,6,3,5,2,6,0,3,2,1,2,12,0,2,11,0,0,11.69,22.16,6
20230701,2,4,7,6,1,11,2,0,5,1,0,9,1,0,8,1,0,19.63,20.46,2
20230701,7,5,1,2,1,6,0,0,6,1,0,7,1,1,14,1,0,9.55,12.62,5
20230701,10,3,6,3,3,15,0,1,2,1,1,9,0,0,10,0,1,14.24,15.66,10
20230702,10,3,5,9,4,9,1,1,5,2,0,12,0,0,7,1,0,22.85,16.57,3
20230702,8,9,2,1,1,5,1,0,13,0,0,4,0,0,8,0,0,20.93,7.93,8
20230702,1,6,3,1,2,8,1,2,1,0,1,9,0,0,5,2,0,19.19,9.46,1
20230702,2,4,5,0,5,6,0,0,5,1,1,9,0,1,8,1,1,9,16.38,2
20230702,7,5,2,4,2,7,0,1,8,1,0,7,1,0,6,0,0,18.95,12.66,5
20230704,10,4,8,4,4,10,0,1,6,0,0,12,0,0,11,0,1,14.44,27.17,10
20230704,8,5,3,5,2,7,1,0,11,0,1,13,1,0,9,1,0,46.9,31.15,5
20230705,3,6,3,17,14,7,0,0,5,2,2,17,4,4,5,0,0,51.01,34.94,6
20230705,1,2,4,8,4,7,0,1,8,0,3,11,1,2,6,1,2,17.71,19.36,2
20230705,9,7,5,3,2,7,1,1,5,0,0,8,1,0,10,0,1,18.57,19.09,9
20230705,10,4,2,0,2,8,0,1,12,1,0,4,0,0,8,3,0,13.03,11.44,10
20230705,8,5,4,7,3,10,0,0,8,1,1,11,0,0,4,3,0,30.37,38.74,5
20230706,3,6,6,7,1,10,0,0,4,0,0,12,2,2,3,3,1,15.4,19.81,6
20230706,1,2,8,7,1,14,1,3,4,0,0,13,0,1,10,1,0,16.17,28.35,1
20230706,9,7,3,4,1,8,1,1,5,0,0,7,2,0,10,0,0,22.95,20.3,7
20230706,10,4,4,5,1,8,0,2,6,1,0,9,0,1,13,0,1,17.8,25.64,4
20230706,8,5,1,5,4,5,0,1,12,0,1,12,1,2,4,0,0,35.86,7.86,5
20230707,2,6,2,6,4,7,0,1,7,0,1,10,0,2,8,1,1,17.8,29.88,6
20230707,5,10,10,0,10,16,0,2,6,0,0,4,0,0,8,0,0,27.14,97.71,5
20230708,2,6,0,7,7,5,0,0,14,1,0,12,2,1,3,0,1,17.75,24.26,6
20230708,7,1,3,12,9,11,1,0,9,3,0,16,1,1,3,1,0,27.77,10.19,1
20230708,9,3,7,9,2,13,0,1,13,0,1,15,1,2,6,1,1,16.66,19.44,3
20230708,4,8,0,8,8,4,0,0,5,1,1,11,1,0,2,1,0,25.56,14.65,8
20230708,5,10,5,2,3,6,1,2,5,0,0,7,0,0,9,0,0,11.25,33.52,5
20230709,2,6,1,5,4,8,1,0,14,0,0,8,1,1,3,1,0,15.69,5.89,6
20230709,7,1,7,4,3,13,1,2,3,2,1,9,0,0,4,0,0,24.11,22.08,7
20230709,9,3,7,0,7,12,3,0,2,3,1,3,0,0,7,0,0,5.9,16.5,9
20230709,4,8,0,7,7,3,0,0,7,1,1,13,0,2,7,0,0,18.95,20.72,8
20230709,5,10,9,2,7,14,2,1,5,0,0,10,1,0,6,0,1,21.29,48.83,5
20230711,10,2,2,4,2,6,0,0,13,0,0,7,0,0,12,0,1,13.35,8.11,2
20230712,1,9,1,2,1,5,0,0,6,0,1,6,0,1,6,1,0,8.51,8.77,9
20230712,10,2,3,4,1,9,0,1,8,0,1,13,0,0,4,0,4,16.78,7.96,2
20230712,4,7,11,2,9,16,3,1,6,1,1,6,1,0,8,0,0,12.26,44.34,4
20230712,3,5,1,4,3,8,1,0,5,1,2,11,1,2,7,2,0,15.88,10.02,5
20230712,6,8,3,2,1,8,1,0,3,1,0,7,0,0,7,0,1,20.77,17.79,6
20230713,10,2,0,9,9,5,0,0,10,1,2,11,2,2,6,0,2,30,14.79,2
20230713,4,7,13,3,10,14,3,0,6,2,0,6,1,0,12,2,1,16.97,25.58,4
20230713,6,8,1,4,3,4,0,0,8,1,1,11,1,0,10,0,1,19.54,2.88,8
20230715,,,8,4,4,10,2,0,4,0,0,12,0,0,2,1,0,63,72,
20230721,8,2,2,7,5,7,1,0,10,0,0,10,3,0,10,1,0,44.2,8.2,2
20230721,9,4,3,9,6,6,0,1,11,1,1,15,3,0,7,1,1,22.14,11.48,4
20230721,6,5,2,5,3,9,1,0,7,1,0,5,2,0,12,0,1,10.79,10.13,5
20230721,1,3,4,6,2,10,0,1,2,1,1,9,1,2,8,0,0,17.71,11.9,3
20230721,7,10,2,0,2,5,1,0,8,0,0,6,0,0,7,0,0,16.55,8.97,7
20230722,8,2,5,2,3,9,1,1,4,0,1,7,0,1,11,0,0,19.12,10.91,8
20230722,9,4,5,7,2,10,1,0,6,2,0,12,2,0,8,1,0,15.79,23.46,4
20230722,7,10,3,5,2,13,1,1,4,1,0,6,0,2,5,0,0,28.31,17.95,10
20230723,8,2,7,8,1,17,0,0,4,0,1,15,0,0,7,0,1,33.46,26.57,2
20230723,7,10,6,7,1,7,1,2,7,0,1,15,1,1,9,0,1,32.55,26.34,10
20230725,10,9,6,16,10,8,1,0,4,2,1,16,2,0,12,1,0,48.3,25.77,9
20230725,4,6,5,3,2,7,1,2,8,1,2,7,1,0,4,1,0,18.58,11.88,4
20230725,2,1,4,1,3,6,0,1,5,1,0,6,0,0,9,1,2,5.55,8.64,2
20230725,5,7,8,5,3,9,2,1,9,1,1,11,0,0,11,0,3,23.97,19.36,5
20230725,8,3,5,1,4,10,0,0,6,1,1,6,1,0,5,1,0,13.75,26.17,8
20230726,10,9,4,5,1,9,1,0,3,1,2,5,2,0,9,0,0,13.97,15.56,9
20230726,4,6,3,13,10,9,0,0,5,0,2,12,3,1,4,3,1,18.73,16.43,6
20230726,2,1,4,3,1,11,0,2,9,2,0,7,0,1,7,1,1,12.1,21.85,2
20230726,5,7,2,7,5,6,0,0,7,2,1,8,0,1,6,1,0,30.35,20.86,7
20230726,8,3,7,8,1,18,0,0,2,1,1,12,1,1,3,3,3,30.3,15.25,3
20230727,10,9,2,0,2,4,0,0,7,2,0,4,0,0,12,1,1,3.93,5.06,10
20230727,4,6,4,0,4,8,1,0,1,3,1,7,0,1,6,0,1,10.73,11.98,4
20230727,2,1,6,9,3,14,1,1,5,2,3,14,1,2,2,1,0,19.59,19.39,1
20230727,5,7,1,9,8,6,0,0,11,0,0,12,1,1,3,2,0,16.59,15.07,7
20230727,8,3,6,5,1,8,1,0,5,0,0,12,3,2,4,1,2,34.81,12.01,8
20230728,3,9,3,4,1,6,1,0,12,0,1,11,0,0,8,3,2,12.52,11.3,9
20230728,4,2,2,10,8,6,0,0,9,0,1,14,0,2,8,0,0,28.06,14.47,2
20230728,5,1,2,9,7,8,0,1,3,1,1,14,2,2,3,0,0,22.89,9.82,1
20230728,6,7,6,5,1,12,0,1,5,1,0,8,0,0,8,1,2,14.63,24.91,6
20230728,10,8,5,5,0,11,1,0,10,0,0,15,0,2,11,0,1,31.96,35.31,0
20230729,3,9,6,3,3,9,0,1,7,1,0,8,1,1,9,0,1,18.66,25.17,3
20230729,4,2,2,8,6,11,1,0,7,2,1,13,2,1,7,2,0,23.81,13.43,2
20230729,5,1,6,7,1,10,0,2,8,0,2,9,0,1,7,2,0,18.35,21.91,1
20230729,6,7,4,1,3,6,1,0,1,1,0,4,0,0,5,1,1,14.42,27.06,6
20230729,10,8,2,7,5,6,0,0,9,0,1,11,0,1,4,1,1,26.09,19.17,8
20230730,10,8,6,10,4,12,0,0,5,1,1,12,0,1,5,2,2,28.82,22.32,8
20230730,3,9,6,1,5,8,0,2,7,0,0,7,0,0,10,0,1,21.19,19.83,3
20230730,4,2,2,5,3,5,0,0,11,1,0,11,1,4,3,1,1,16.01,12.81,2
20230730,5,1,0,10,10,2,0,1,7,0,1,12,0,1,3,2,0,13.64,9.96,1
20230730,6,7,6,3,3,7,0,1,5,0,1,11,1,0,4,1,0,13.07,28.52,6
20230801,8,6,8,11,3,13,1,0,8,0,0,16,0,1,11,0,1,37.37,21.45,6
20230801,7,4,3,6,3,6,0,1,4,2,0,12,0,0,8,2,0,29.76,17.7,4
20230801,9,5,3,8,5,4,1,0,12,1,0,14,2,0,9,0,2,13.63,15.02,5
20230801,2,3,8,0,8,8,2,2,8,0,0,8,0,0,4,1,1,8.5,23.24,2
20230801,1,10,4,2,2,5,1,4,5,2,0,8,0,0,9,0,2,13.19,22.84,1
20230802,8,6,7,6,1,13,0,1,5,1,2,7,1,1,4,1,0,27.72,27.38,8
20230802,7,4,6,3,3,12,1,2,3,0,0,11,0,0,10,0,0,12.6,17.94,7
20230802,9,5,1,4,3,6,1,1,12,0,0,9,0,3,12,0,0,20.04,22.4,5
20230802,2,3,1,0,1,5,0,0,2,1,0,8,0,2,7,0,0,8.82,7.97,2
20230802,1,10,6,3,3,7,0,4,7,0,2,8,0,0,3,0,2,16.02,18.19,1
20230803,8,6,8,12,4,15,0,3,6,2,2,18,0,0,2,1,3,33.58,23.35,6
20230803,7,4,1,8,7,4,0,0,11,0,1,14,0,3,9,2,0,26.81,9.04,4
20230803,9,5,5,2,3,8,1,0,7,1,0,6,0,1,7,0,0,11.7,20.07,9
20230803,2,3,3,1,2,10,0,0,7,1,0,7,0,1,5,1,0,8.31,13.78,2
20230803,1,10,5,4,1,9,1,2,7,0,1,12,1,2,14,0,1,22.34,16.85,1
20230804,6,9,9,3,6,15,1,1,11,0,0,9,2,0,7,0,1,9.71,34.1,6
20230804,5,2,3,4,1,9,0,1,3,1,0,7,1,1,7,1,1,20.64,15.39,2
20230804,8,1,5,4,1,9,1,1,3,1,1,6,1,2,4,1,0,19.42,13.23,8
20230804,7,3,1,4,3,7,0,1,7,1,1,8,0,0,3,1,0,18.04,17.65,3
20230804,4,10,4,2,2,8,0,1,2,0,0,3,0,0,6,0,0,20.12,19.17,4
20230805,6,9,9,3,6,11,0,1,7,1,0,8,0,1,11,1,1,8.37,20.68,6
20230805,5,2,7,4,3,12,1,0,4,1,0,8,1,1,10,1,3,23.53,18.53,5
20230805,8,1,6,3,3,12,1,2,5,1,1,8,1,0,3,1,0,16.41,11.17,8
20230805,7,3,6,9,3,12,2,0,8,4,1,17,0,0,6,2,0,30.26,32.73,3
20230805,4,10,4,3,1,7,1,1,5,0,0,7,1,1,6,0,1,15.87,13.63,4
20230806,6,9,4,4,0,7,0,2,5,0,0,10,1,0,12,0,2,27.08,23.69,0
20230806,5,2,1,3,2,6,0,2,7,0,0,6,0,0,10,0,0,4.98,7.09,2
20230806,8,1,4,7,3,10,1,3,12,0,0,13,1,3,5,1,0,42.72,17.5,1
20230806,7,3,1,0,1,5,0,0,10,1,0,0,0,0,7,0,0,9.36,10.85,7
20230806,4,10,12,7,5,15,1,1,5,1,0,9,1,0,7,1,1,21.22,34.66,4
20230808,2,9,7,2,5,15,0,0,7,0,1,7,0,1,9,0,1,17.95,19.18,2
20230808,10,7,1,3,2,8,1,0,11,0,2,10,0,0,8,0,0,16.09,16.57,7
20230808,3,4,0,2,2,4,0,1,7,2,3,6,0,2,6,1,0,19.95,7.08,4
20230808,5,8,5,3,2,9,1,2,5,0,4,6,0,0,4,1,3,14.15,26.88,5
20230809,2,9,12,6,6,13,0,3,3,1,0,9,4,0,6,0,0,14.72,15.62,2
20230809,6,1,2,6,4,5,1,0,9,1,4,9,1,1,6,0,0,8.81,16.1,1
20230809,10,7,10,8,2,13,0,0,5,1,0,11,0,0,4,2,3,32.68,25.86,10
20230809,3,4,2,1,1,6,1,0,5,0,0,2,0,0,3,0,1,15.59,14.14,3
20230809,5,8,4,6,2,9,2,1,5,1,1,9,2,1,5,1,0,15.74,23.63,8
20230810,10,7,8,12,4,14,1,0,7,0,0,18,2,1,7,1,2,39.93,39.4,7
20230811,7,6,7,1,6,12,2,1,3,0,0,9,0,0,8,1,3,14.33,11.94,7
20230811,2,4,3,7,4,7,0,0,7,1,2,12,1,1,3,1,0,21.49,16.01,4
20230811,9,5,4,11,7,6,1,0,6,0,1,10,1,0,7,0,0,28.46,12.99,5
20230811,3,8,4,5,1,12,0,0,7,1,0,10,1,0,7,1,0,17.43,34.98,8
20230811,1,10,5,3,2,7,2,2,4,1,0,4,0,0,8,1,1,15.79,15.77,1
20230812,7,6,5,13,8,9,0,0,8,0,2,20,0,0,5,0,2,32.26,11.15,6
20230812,2,4,4,3,1,8,0,1,8,0,1,13,0,2,3,2,1,5.53,10.65,2
20230812,9,5,6,1,5,11,1,0,8,1,0,5,0,0,10,0,1,13.8,14.94,9
20230812,3,8,3,2,1,12,1,1,8,0,0,11,0,1,5,3,0,14.53,28.61,3
20230812,1,10,8,4,4,11,1,1,4,0,1,9,0,1,7,0,0,17.84,24.6,1
20230813,7,6,6,1,5,11,0,0,8,0,0,3,0,0,8,0,1,10.01,14.6,7
20230813,2,4,4,0,4,9,1,0,8,1,0,3,0,1,5,0,3,11.84,17.54,2
20230813,9,5,8,3,5,12,0,0,8,0,0,5,1,3,9,0,1,13.89,31.2,9
20230813,3,8,4,0,4,11,0,2,3,1,1,3,0,0,3,2,0,9.51,27.68,3
20230813,1,10,17,8,9,18,3,5,3,0,1,15,0,1,8,0,1,15.1,63.06,1
20230815,4,9,3,3,0,6,1,0,9,1,0,8,2,0,10,2,2,28.25,15.49,0
20230815,5,2,0,1,1,2,0,0,8,0,1,6,0,0,8,0,1,7.55,7.47,2
20230815,8,1,6,5,1,10,0,1,10,0,0,14,0,1,6,0,1,24.09,13.41,8
20230815,7,3,10,6,4,16,1,0,5,1,3,9,1,0,7,0,1,26.25,21.39,7
20230815,6,10,6,9,3,11,1,1,8,0,1,12,1,0,6,0,1,14.13,16.23,10
20230816,4,9,3,4,1,5,0,1,3,1,0,8,0,1,5,2,1,13.89,14.76,9
20230816,5,2,2,5,3,8,1,0,10,1,1,5,1,2,6,0,1,18.93,15.93,2
20230816,8,1,3,6,3,7,1,0,6,1,1,9,2,0,4,1,2,26.73,11.04,1
20230816,7,3,7,4,3,7,2,1,6,1,2,9,1,0,7,0,0,13.83,23.46,7
20230816,6,10,11,3,8,14,0,3,6,1,1,8,0,0,11,1,3,21.37,27.72,6
20230817,4,9,10,9,1,16,1,2,8,1,1,14,1,0,9,0,0,21.6,31.3,4
20230817,5,2,8,9,1,15,1,0,8,0,0,15,1,0,6,1,1,22.41,23.04,2
20230817,8,1,4,2,2,12,1,3,7,2,0,7,1,0,1,0,1,20.62,11.63,8
20230817,7,3,15,4,11,20,0,1,10,0,2,6,0,0,4,1,5,19.99,32.91,7
20230817,6,10,8,4,4,13,2,1,4,2,1,7,1,2,6,0,0,8.93,22.3,6
20230818,8,6,12,2,10,19,2,1,7,1,2,10,0,1,7,0,2,15.26,27.16,8
20230818,9,2,11,6,5,16,1,1,4,2,1,9,3,1,7,2,1,19.15,24.97,9
20230818,3,1,4,8,4,4,1,1,10,0,1,15,3,2,8,1,2,26.04,14.44,1
20230818,10,7,5,4,1,9,1,0,7,1,0,5,2,1,9,1,1,20.62,12.84,10
20230819,10,7,5,2,3,12,1,2,7,2,1,4,0,0,6,1,1,13.52,14.01,10
20230819,8,6,5,6,1,8,1,1,4,1,1,11,1,1,5,3,0,33.31,10.62,6
20230819,9,2,4,5,1,8,1,1,6,1,0,10,2,1,13,0,0,11.45,13.18,2
20230819,3,1,2,11,9,9,0,0,6,1,1,16,0,3,5,0,2,15.69,14.18,1
20230819,5,4,4,1,3,5,0,1,7,1,1,7,0,0,7,1,1,17.08,14.52,5
20230820,10,7,7,6,1,8,1,0,11,0,0,10,0,0,8,0,2,34.19,13.15,10
20230820,8,6,6,4,2,8,2,1,3,0,0,10,2,1,4,0,2,57.51,30.29,8
20230820,9,2,0,3,3,3,0,0,12,0,1,5,1,0,5,0,2,15.3,7.2,2
20230820,3,1,2,1,1,8,1,0,9,0,0,5,1,1,2,1,0,5.25,9.68,3
20230820,5,4,5,12,7,10,0,1,11,1,0,18,3,1,7,0,1,36.69,19.2,4
20230822,2,6,8,4,4,9,0,4,8,0,1,7,1,0,9,0,2,11.36,26.67,2
20230822,10,5,1,6,5,6,0,0,10,0,2,11,1,1,8,2,1,21.95,13.33,5
20230822,9,8,3,5,2,6,1,0,6,0,2,8,0,0,8,0,2,14.05,11.06,8
20230823,10,5,4,11,7,10,1,1,4,0,3,13,0,3,5,2,2,37.3,16.32,5
20230824,2,6,3,7,4,11,1,1,4,1,1,10,0,1,8,1,1,11.94,18.93,6
20230824,1,7,3,1,2,6,0,1,6,0,0,5,0,0,9,0,0,11.14,17.63,1
20230824,3,4,7,4,3,11,3,1,3,1,0,8,3,1,7,1,0,7.55,12.29,3
20230824,10,5,6,8,2,12,0,0,11,1,1,9,2,1,8,0,0,28.17,32.52,5
20230825,6,9,4,1,3,10,1,1,6,0,1,2,0,0,8,1,0,10.89,16.7,6
20230825,7,2,1,3,2,6,0,0,6,1,2,8,0,0,10,0,1,8.78,12.43,2
20230825,4,1,14,1,13,19,2,0,11,0,1,3,1,0,8,2,2,9.9,17.61,4
20230825,5,3,10,1,9,12,0,2,6,1,0,5,0,1,7,1,0,15.34,98.5,5
20230825,8,10,4,7,3,9,1,1,3,0,1,14,1,1,8,0,1,26.96,17.58,10
20230826,6,9,12,4,8,18,0,0,0,1,0,9,0,0,5,2,0,18.65,26.94,6
20230826,7,2,6,8,2,13,0,0,4,1,3,14,0,2,8,1,0,15.74,14.87,2
20230826,4,1,7,5,2,13,3,1,8,1,1,10,1,0,4,1,0,17.84,14.47,4
20230826,5,3,5,7,2,10,0,5,5,1,0,7,2,2,7,1,1,31.29,16.15,3
20230826,8,10,6,5,1,9,1,3,4,0,0,12,0,0,7,1,2,23.74,11.76,8
20230827,6,9,5,2,3,6,0,0,6,0,2,3,1,1,5,2,0,19.54,12.13,6
20230827,7,2,1,2,1,6,0,1,7,1,0,8,0,0,12,0,0,9.51,4.56,2
20230827,4,1,5,3,2,12,0,2,2,4,0,7,0,0,4,0,0,14.85,22.47,4
20230827,5,3,5,8,3,10,0,0,9,0,1,14,2,1,7,0,0,25.05,28.34,3
20230827,8,10,8,6,2,11,0,2,3,0,0,13,1,0,7,1,1,36.1,31.47,8
20230830,3,10,11,7,4,16,1,1,1,1,1,16,0,0,10,1,2,20.15,28.14,3
20230831,9,7,2,5,3,5,0,0,14,0,1,12,0,0,4,0,2,19.31,11.31,7
20230831,6,4,13,3,10,15,1,2,5,1,0,4,0,0,5,1,3,19.92,14.76,6
20230831,1,5,3,2,1,10,1,0,3,0,1,10,0,0,10,1,1,15.21,23.57,1
20230831,2,8,6,4,2,8,2,2,5,1,1,10,1,2,5,1,2,8.97,31.11,2
20230831,3,10,3,8,5,14,2,1,8,1,0,12,1,0,11,0,1,28.98,26.32,10
20230901,1,9,10,0,10,11,0,0,5,0,0,5,0,0,10,0,1,12.91,27.65,1
20230901,3,6,2,10,8,5,0,0,8,0,0,14,3,3,5,0,2,21.59,8.73,6
20230901,10,2,6,2,4,10,1,0,5,1,1,4,0,1,7,1,0,22.59,19.92,10
20230901,8,4,0,10,10,2,0,0,7,0,1,16,3,2,4,1,0,42.68,14.01,4
20230902,1,9,3,5,2,7,1,0,9,1,1,11,1,0,7,1,0,21.52,16.23,9
20230902,3,6,4,12,8,10,1,2,7,0,0,12,3,0,5,1,0,22.32,19.85,6
20230902,10,2,3,0,3,9,0,0,7,0,1,3,0,0,5,0,0,22.96,16.51,10
20230902,8,4,1,5,4,8,0,0,2,1,0,14,2,1,9,0,0,37.07,19.73,4
20230903,1,9,3,5,2,14,1,0,3,0,1,5,0,1,5,0,0,11.8,12.61,9
20230903,3,6,6,8,2,7,3,0,9,0,0,13,2,4,4,2,0,21.49,30.89,6
20230903,10,2,7,0,7,12,0,0,9,2,0,2,0,0,9,0,1,16.74,27.08,10
20230903,8,4,6,1,5,11,0,3,6,0,1,5,0,0,6,1,2,11.95,16.31,8
20230903,7,5,0,2,2,5,0,0,6,1,2,6,0,0,4,0,0,9.53,13.89,5
20230904,7,5,4,3,1,11,0,0,7,0,1,9,1,1,8,0,0,15.13,8.41,7
20230905,2,1,4,5,1,9,2,1,9,2,0,14,1,1,2,0,0,19.03,23.81,1
20230905,9,3,6,11,5,9,1,0,13,1,2,14,1,0,2,0,1,40.06,25.55,3
20230905,7,8,10,3,7,13,1,1,3,1,0,9,0,1,7,1,0,21.89,36.3,7
20230905,4,10,2,1,1,2,1,1,5,0,1,5,0,1,15,0,1,9.04,12.48,4
20230906,5,6,1,7,6,5,0,1,10,0,1,13,2,2,9,0,1,35.47,18.22,6
20230906,2,1,4,3,1,7,0,0,11,0,1,8,0,2,5,0,1,22.28,12.78,2
20230906,9,3,6,5,1,18,0,3,12,1,0,12,0,1,11,1,1,17.94,22.07,9
20230906,7,8,2,7,5,5,0,0,10,1,1,9,0,1,9,0,0,20.97,23.59,8
20230906,4,10,8,2,6,13,0,2,5,2,2,8,0,0,9,1,0,16.97,54.91,4
20230907,5,6,3,0,3,8,1,0,5,0,0,6,0,1,3,2,0,21.33,19.84,5
20230907,2,1,4,11,7,12,0,0,7,2,1,14,2,6,5,0,0,17.18,16.91,1
20230907,9,3,4,3,1,11,0,0,6,1,1,5,0,2,7,1,3,17.77,20.13,9
20230907,7,8,2,1,1,11,0,0,9,1,2,9,0,1,9,3,1,27.41,26.72,7
20230907,4,10,6,1,5,8,0,0,5,1,0,4,1,0,5,0,0,9.47,26.94,4
20230908,10,9,5,6,1,16,2,0,11,1,1,8,2,2,8,0,2,32.83,29.7,9
20230908,6,1,2,12,10,9,0,0,8,0,2,12,0,0,5,2,0,26.8,18,1
20230908,4,7,4,3,1,8,0,0,5,3,0,6,0,0,10,1,0,16.46,11.78,4
20230908,2,3,16,7,9,13,1,3,8,0,0,10,0,0,6,0,2,16.98,20.77,2
20230908,5,8,8,7,1,11,1,0,4,2,3,13,1,3,7,0,1,23.41,32.33,5
20230909,10,9,2,11,9,9,0,0,7,2,1,14,0,0,5,1,0,40.27,12.48,9
20230909,6,1,7,6,1,11,1,3,4,0,0,8,1,2,4,0,1,30.47,18.56,6
20230909,4,7,2,5,3,8,0,1,10,0,3,8,1,1,5,0,0,16.54,8.29,7
20230909,5,8,1,5,4,8,0,0,4,1,1,11,1,2,5,1,0,16.49,10.27,8
20230909,2,3,8,8,0,12,0,2,11,1,0,15,0,2,7,0,4,28.16,22.97,0
20230909,5,8,4,0,4,8,0,0,7,1,0,2,0,1,9,1,0,9.87,29.08,5
20230909,4,7,6,5,1,9,0,2,6,1,1,11,1,0,12,1,2,19.59,39.85,4
20230909,10,9,1,3,2,6,0,1,4,2,0,9,0,0,6,1,2,28.52,17.38,9
20230909,6,1,12,7,5,17,2,1,5,1,2,10,0,0,5,2,1,35.07,26.9,6
20230910,10,9,8,9,1,16,0,1,7,0,0,10,2,0,5,0,1,71.73,19.7,9
20230910,6,1,8,7,1,13,0,8,7,1,1,10,0,2,5,0,0,32.69,25.24,6
20230910,4,7,3,1,2,10,0,0,7,1,0,4,0,0,10,1,1,5.63,20.81,4
20230910,2,3,5,6,1,9,0,0,6,2,0,17,2,1,7,1,0,17.72,20.52,3
20230910,5,8,8,2,6,12,1,2,5,1,3,7,0,0,3,0,0,25.97,36.93,5
20230912,5,9,8,3,5,12,1,3,6,0,1,5,0,0,7,1,0,20.31,30.03,5
20230912,8,6,10,9,1,11,3,4,4,1,4,12,3,2,5,1,0,28.34,28.92,8
20230912,3,2,0,3,3,1,0,0,8,0,0,7,1,0,9,0,0,17.24,5.83,2
20230912,7,4,3,4,1,6,0,0,7,2,0,17,0,1,12,0,0,21.38,15.92,4
20230913,4,2,2,6,4,10,0,1,11,0,1,11,1,0,9,2,0,14.29,15.06,2
20230913,6,7,1,3,2,3,0,0,2,0,1,4,0,0,4,0,1,8.72,9.84,7
20230914,8,2,10,4,6,12,0,1,6,0,2,10,1,0,8,0,1,18.73,33.31,8
20230914,5,3,3,2,1,7,0,2,4,1,1,8,1,0,5,1,0,21.94,5.56,5
20230915,9,1,3,4,1,4,0,0,5,0,1,6,0,2,4,0,0,14.08,7.01,1
20230915,6,5,6,8,2,7,1,0,8,0,0,13,2,2,9,1,2,35.75,20.74,5
20230915,4,8,8,1,7,6,1,0,6,0,0,6,0,1,8,3,1,19.87,30.28,4
20230915,7,10,5,4,1,14,0,3,10,0,1,15,0,0,9,2,1,17.84,27.85,7
20230916,1,3,10,4,6,15,0,2,3,0,0,9,0,1,10,0,0,25.01,14.61,1
20230917,9,2,0,7,7,7,0,0,8,0,0,14,2,0,1,1,0,26.39,8.2,2
20230917,8,7,4,7,3,9,3,0,7,1,0,10,2,1,11,1,0,32.14,14.21,7
20230917,6,5,3,8,5,11,1,0,8,1,3,13,3,3,4,1,0,37.41,17.9,5
20230917,1,3,8,3,5,11,1,2,7,0,3,7,0,0,3,0,3,17.69,15.96,1
20230917,9,2,1,3,2,6,0,1,11,0,1,7,1,0,7,0,0,14.75,12.11,2
20230917,1,3,9,5,4,15,1,0,6,1,1,12,0,1,5,2,3,19.93,21.27,1
20230918,9,2,6,2,4,8,1,0,4,0,0,5,0,0,7,0,3,11.27,36.87,9
20230918,6,5,4,8,4,15,0,0,9,1,0,11,2,1,9,1,0,30.22,24.16,5
20230919,6,1,3,4,1,10,1,0,2,1,1,6,2,2,6,0,0,15.05,14.84,1
20230919,5,4,1,2,1,3,1,0,14,0,0,5,1,0,3,0,3,17.51,14.2,4
20230919,9,3,3,5,2,4,1,0,5,1,0,8,1,3,7,2,1,21.61,7.51,3
20230919,2,8,7,1,6,9,2,2,6,0,1,10,0,1,5,2,0,14.35,39.8,2
20230919,7,10,3,6,3,7,0,1,8,1,1,13,1,0,11,0,0,13.93,25.8,10
20230921,9,6,14,8,6,12,1,0,8,0,0,11,1,1,12,0,1,24.73,36.03,9
20230921,3,1,1,2,1,6,0,2,6,0,0,2,1,1,5,0,0,9.12,12,1
20230921,2,7,5,0,5,7,1,0,10,0,0,8,0,0,9,1,3,15.17,20.85,2
20230921,10,4,5,1,4,9,0,0,6,0,1,4,1,0,10,0,2,18.62,11.89,10
20230921,8,5,1,5,4,4,0,1,10,1,2,10,1,1,4,1,2,14.86,14.43,5
20230922,6,2,2,1,1,8,0,3,11,0,0,9,0,0,8,0,1,14.52,9.72,6
20230922,3,7,2,5,3,5,2,1,9,1,2,12,1,0,6,2,0,14.08,12.69,7
20230922,1,4,4,5,1,5,0,2,7,1,2,8,0,1,7,0,2,12.33,24.06,4
20230922,8,5,1,3,2,6,0,0,3,1,1,3,0,0,7,0,1,27.22,24,5
20230922,9,10,6,11,5,11,1,0,8,1,4,15,0,1,8,0,2,26.54,30.31,10
20230923,1,9,3,1,2,7,1,1,9,1,1,6,1,0,7,2,0,7.77,16.78,1
20230923,6,2,1,4,3,2,0,0,8,0,0,10,1,1,3,1,0,24.03,4.86,2
20230923,3,7,4,2,2,11,0,0,7,1,1,8,0,0,8,3,0,13.15,15.15,3
20230923,4,5,1,3,2,5,0,0,8,0,0,8,0,2,8,0,1,18.82,10.69,5
20230924,1,9,5,1,4,8,4,1,4,0,0,7,1,0,8,0,0,14.07,15.19,1
20230924,6,2,2,3,1,10,0,1,3,2,0,8,1,0,6,1,0,12.06,8.46,2
20230924,3,7,1,8,7,6,1,0,12,0,2,14,1,2,5,2,0,28.9,16.44,7
20230924,4,5,6,5,1,7,1,1,8,0,0,10,2,0,11,1,1,26.16,24.45,4
20230926,4,6,4,6,2,10,2,0,6,2,1,9,0,1,11,1,0,16.58,28.16,6
20230927,4,6,7,0,7,9,0,1,3,0,1,6,0,0,3,2,0,16.19,24.33,4
20230927,1,2,4,0,4,6,0,2,3,1,0,7,0,0,4,1,1,11.62,28.54,1
20230927,3,5,7,7,0,9,2,0,8,0,0,10,1,3,3,2,0,25.95,19.33,0
20230927,9,8,3,11,8,10,1,2,4,2,2,13,0,1,8,2,0,50.62,23.19,8
20230927,4,6,1,6,5,6,1,0,6,2,3,10,0,1,8,0,0,6.04,14.19,6
20230927,1,2,3,0,3,6,0,2,7,1,1,5,0,0,2,1,2,17.21,21.38,1
20230927,9,8,4,0,4,10,1,2,7,1,0,3,0,1,7,0,0,13.02,40.72,9
20230927,3,5,6,3,3,10,0,0,7,0,0,9,0,1,9,0,1,5.23,19.86,3
20230928,7,9,3,0,3,9,2,2,6,0,0,5,0,0,15,0,0,17.94,9.45,7
20230928,4,6,18,3,15,20,3,0,3,3,0,12,2,0,7,0,1,19,37.09,4
20230928,10,3,4,2,2,7,0,1,6,1,0,8,0,2,7,1,4,13.98,16.23,10
20230928,1,8,1,11,10,7,0,0,10,0,3,15,0,0,5,0,2,29.94,13.99,8
20230929,7,9,9,1,8,17,1,0,9,0,0,5,0,1,7,1,2,26.91,55.86,7
20230929,10,6,5,13,8,15,0,0,8,0,3,20,2,0,5,2,1,37.44,32.64,6
20230929,5,1,4,3,1,10,2,0,3,1,0,7,0,1,2,0,1,13.45,14.94,5
20230930,3,6,4,3,1,11,1,2,5,0,1,6,3,0,5,1,1,11.45,12.5,3
20230930,5,1,3,1,2,8,1,3,8,1,1,4,1,0,4,1,0,15.99,20.22,5
20230930,8,4,3,1,2,8,0,1,5,0,0,10,0,0,3,2,0,17.85,11.97,8
20231001,3,6,6,5,1,8,0,1,3,2,2,11,0,1,9,2,1,27.14,25.73,3
20231001,5,1,4,7,3,5,1,1,4,1,0,14,2,0,4,1,2,18.42,10.85,1
20231001,9,4,4,3,1,11,0,1,12,0,0,6,1,0,5,1,3,10.31,11.67,9
20231001,7,8,8,5,3,10,1,3,1,0,0,8,1,0,10,0,1,12.83,27.97,7
20231001,2,10,6,3,3,9,1,2,4,0,0,9,1,0,8,1,0,4.95,22.32,2
20231002,2,1,4,5,1,12,1,0,6,2,0,9,0,1,5,0,1,32.49,30.45,1
20231002,9,4,10,0,10,10,4,0,5,1,0,5,0,1,11,0,1,18.15,15.04,9
20231002,7,8,8,9,1,12,0,1,5,0,1,11,2,0,4,1,1,28.38,25.66,8
20231002,5,10,7,2,5,7,0,1,5,0,1,7,0,0,4,1,1,7.16,27.71,5
20231002,7,8,6,8,2,7,0,0,2,0,1,8,0,1,4,1,1,34.85,26.17,8
20231003,2,6,1,3,2,6,0,0,6,0,0,7,0,2,3,0,1,17.78,16.42,6
20231003,3,4,9,7,2,8,1,0,3,0,1,13,1,1,7,1,1,16.43,21.61,3
20231003,7,8,10,4,6,15,1,0,7,0,0,7,2,0,6,3,0,30.29,21.45,7
20231003,5,10,5,6,1,14,0,2,6,0,3,10,0,0,5,2,2,20.81,22.56,10
20231004,2,6,2,10,8,7,0,0,4,2,1,13,1,1,4,2,0,8.99,20,6
20231004,8,9,7,11,4,10,2,0,6,0,2,13,2,1,2,0,1,44.48,17.33,9
20231004,7,1,6,7,1,10,2,3,9,0,1,14,0,4,7,2,1,23.26,15.81,1
20231004,3,4,10,5,5,12,1,2,6,0,1,11,0,0,5,1,0,18.72,19.75,3
20231004,2,6,3,2,1,8,0,1,5,3,0,9,1,0,4,3,0,14.42,5.7,2
20231005,8,9,3,1,2,6,1,0,10,0,0,6,0,0,8,1,1,6.09,15.39,8
20231005,2,6,5,3,2,6,1,1,7,0,0,7,1,1,7,1,1,26.82,11.74,2
20231005,7,1,3,5,2,9,0,0,6,0,2,8,0,1,4,0,2,8.67,31.62,1
20231005,3,4,4,3,1,5,0,2,2,0,0,7,0,1,5,0,0,15.93,13.47,3
20231006,3,9,7,2,5,9,3,1,6,0,1,9,0,0,5,3,2,21.57,36.61,3
20231006,1,6,2,3,1,8,0,1,3,2,0,9,0,0,4,2,0,17.88,27.52,6
20231006,2,8,2,6,4,7,1,0,9,0,0,7,1,0,7,0,2,23.96,25.16,8
20231007,2,9,17,0,17,17,4,1,5,0,1,5,0,1,10,0,0,11.13,45.42,2
20231007,10,1,7,1,6,11,0,1,4,0,0,9,0,0,8,0,0,13.38,34.28,10
20231007,5,7,3,6,3,6,1,1,9,0,3,11,0,2,11,0,0,19.86,10.79,7
20231007,4,3,3,2,1,7,0,1,10,0,1,10,0,0,9,0,0,12.32,24.12,4
20231008,2,9,9,2,7,12,0,0,3,0,1,4,0,0,10,0,3,16.14,25.56,2
20231008,5,7,2,1,1,9,0,1,9,0,0,6,0,0,12,0,1,14.58,7.41,5
20231008,4,3,8,10,2,10,3,1,3,0,1,11,3,0,2,0,0,23.53,16.37,3
20231008,6,8,2,1,1,8,0,1,7,0,0,6,0,0,6,0,0,18.87,20.04,6
20231009,4,9,11,6,5,10,1,0,3,0,0,8,2,0,7,0,3,20.71,17.95,4
20231009,1,7,1,8,7,5,1,1,5,1,3,11,1,1,3,3,0,33.62,13.75,7
20231009,6,8,3,1,2,9,0,1,3,0,1,7,0,0,12,0,0,17.94,37.54,6
20231010,4,9,2,0,2,6,0,0,6,0,1,7,0,1,10,2,1,12.04,13.84,4
20231010,1,7,7,0,7,8,1,1,5,0,0,3,0,0,9,0,3,17.08,15.05,1
20231010,2,5,5,4,1,10,1,0,10,1,0,10,0,0,7,1,0,20.79,19.16,2
20231010,6,3,5,6,1,9,0,1,8,2,0,13,0,0,12,0,1,37.41,18.67,3
20231010,10,8,5,3,2,8,1,1,5,0,1,7,0,1,5,2,1,21.75,29.31,10
20231011,7,5,14,3,11,17,1,0,7,0,0,7,0,2,9,0,1,11.83,34.72,7
20231011,6,10,11,0,11,9,0,0,2,1,0,7,0,0,7,1,4,7.94,37.95,6
20231012,6,7,6,5,1,8,0,1,7,1,1,16,0,0,5,3,1,26.75,37.4,6
20231012,5,4,11,1,10,11,3,1,4,1,1,7,0,1,10,1,0,27.17,22.27,5
20231013,5,6,3,1,2,5,0,0,7,0,1,3,0,0,11,0,0,13.78,27.43,5
20231013,4,1,8,4,4,11,0,0,8,2,0,6,1,0,3,0,2,12.21,13.95,4
20231013,3,10,3,2,1,7,1,1,5,1,0,6,1,0,9,3,0,15.95,15.82,3
20231014,9,7,8,0,8,14,1,0,3,0,1,3,0,0,8,1,0,24.83,31.54,9
20231014,1,5,2,3,1,6,2,0,9,0,1,10,0,2,3,1,0,16.46,14.28,5
20231014,8,3,5,3,2,12,0,0,5,3,1,7,0,2,3,0,1,14.29,17.69,8
20231015,9,7,7,4,3,10,1,1,7,1,2,8,1,2,5,1,0,21.48,10.65,9
20231015,1,5,5,2,3,6,0,0,2,2,0,6,1,0,5,1,0,15.32,18.4,1
20231015,4,8,5,3,2,13,1,2,6,1,0,4,1,0,7,0,0,22.78,26.99,4
20231016,9,7,2,7,5,8,0,1,12,0,1,9,0,2,8,0,1,36.4,20.94,7
20231016,6,4,4,2,2,10,0,0,8,0,0,6,0,1,8,0,3,20.81,20.4,6
20231016,5,3,2,3,1,5,1,0,8,1,1,6,0,1,6,0,1,18.83,9.87,3
20231017,6,4,7,1,6,13,0,0,8,0,2,5,0,0,6,2,0,8.65,27.05,6
20231017,3,5,5,0,5,12,2,0,3,2,0,5,0,1,6,0,0,13.35,18.95,3
20231019,4,5,14,9,5,12,3,3,10,0,1,14,1,0,3,0,1,31.5,147.27,4
20231022,3,4,3,4,1,8,1,0,5,0,0,7,1,2,7,0,0,56.25,27,4
20231023,3,4,3,7,4,7,2,0,10,1,2,9,1,0,7,1,0,17.79,27.86,4
20231025,4,3,7,6,1,12,1,2,6,3,0,6,1,0,5,1,1,36.41,51.75,4
20231030,2,4,5,9,4,9,2,0,12,2,2,13,1,0,6,0,0,48,55.07,4
20231031,2,4,2,3,1,6,0,1,5,1,2,5,1,0,4,0,2,5.4,11.57,4
20231102,4,2,0,3,3,5,0,0,7,1,1,7,2,0,9,1,0,13.6,0,2
20231103,4,2,2,11,9,5,0,0,4,0,1,14,3,1,8,0,1,44.41,24.25,2
20231105,2,4,3,2,1,5,0,0,5,1,2,6,0,0,7,0,0,3.6,13.38,2
20231107,1,2,2,3,1,7,0,0,6,0,4,7,0,1,9,1,1,10.42,0.75,2
20231108,1,2,5,4,1,10,2,0,3,1,0,8,0,0,10,0,0,112.5,7.23,1
20231110,2,1,7,8,1,15,1,0,8,2,1,11,3,0,5,0,2,16.37,23.15,1
20231111,2,1,4,15,11,6,0,1,6,0,0,17,3,2,2,1,0,87.75,89.34,1
20231113,1,2,6,2,4,11,0,3,4,1,2,7,0,0,8,0,3,14.1,8.84,1
